id,name,model_id,group_id/id,operation,domain
access_lab_patient_secretary,Patient : secrétariat (hors confidentiel),lab.patient,lab_core.group_lab_secretary,cru,"[('is_confidential', '=', False)]"
access_lab_patient_biologist,Patient : biologiste,lab.patient,lab_core.group_lab_biologist,crud,
access_lab_analysis_read,Analyse : lecture,lab.analysis,lab_core.group_lab_secretary,r,
access_lab_analysis_biologist,Analyse : biologiste,lab.analysis,lab_core.group_lab_biologist,crud,
access_lab_panel_read,Bilan : lecture,lab.panel,lab_core.group_lab_secretary,r,
access_lab_panel_biologist,Bilan : biologiste,lab.panel,lab_core.group_lab_biologist,crud,
access_lab_request_secretary,Demande : secrétariat,lab.request,lab_core.group_lab_secretary,cru,"[('patient_id', 'access', 'read')]"
access_lab_request_biologist,Demande : biologiste,lab.request,lab_core.group_lab_biologist,crud,
access_lab_result_secretary,Résultat : création des lignes,lab.result,lab_core.group_lab_secretary,c,
access_lab_result_technician,Résultat : technicien,lab.result,lab_core.group_lab_technician,cru,"[('request_id', 'access', 'read')]"
access_lab_result_biologist,Résultat : biologiste,lab.result,lab_core.group_lab_biologist,crud,
access_lab_sample_secretary,Tube : secrétariat,lab.sample,lab_core.group_lab_secretary,cru,"[('request_id', 'access', 'read')]"
access_lab_sample_biologist,Tube : biologiste,lab.sample,lab_core.group_lab_biologist,crud,
access_lab_result_entry,Saisie : technicien,lab.result.entry,lab_core.group_lab_technician,crud,
access_lab_result_entry_line,Saisie ligne : technicien,lab.result.entry.line,lab_core.group_lab_technician,crud,
